{"0": [0.357114043, -0.835536648, 0.0918234721, 0.0959750251, 0.588153709, -0.326714246, -0.437071825, 0.651799508, -0.306185198], "1": [-0.261807913, 0.488959098, -0.0465898756, -0.74457802, -0.581682946, -0.457965571, -0.63012572, 0.618631414, 0.83990441], "2": [-0.420731668, -0.654564295, 0.541617451, 0.636124528, -0.381689477, -0.943972308, 0.906296629, 0.554327439, 0.556224721], "3": [-0.0962874439, -0.170234861, 0.120716848, 0.485861021, 0.274155361, -0.457153398, -0.891827461, -0.571823, -0.222587113], "4": [-0.689859773, -0.873128847, -0.49413726, 0.409039099, -0.000402705307, 0.54425602, -0.540542337, 0.473036336, -0.530354732], "5": [0.5975425817737574, -0.8166822354231591, -0.6689488737378801, -0.8057644125536562, 0.37333671160332915, -0.35872417745332363, 0.29316041651361674, -0.6122973581583764, -0.1591536067376286], "6": [-0.7094207904919656, 0.5707182020385642, -0.6690952386229116, -0.09307584873014957, 0.5925850700526265, 0.011012965427723564, 0.31522684267957257, 0.8218545145615441, 0.3858082191235688], "7": [0.0884294881942217, -0.9168910307380813, -0.2650962052382171, -0.4914668192446797, 0.2568273093427843, 0.9595286244833772, 0.3339555221480144, -0.7919588046305387, 0.7044911135171162], "8": [-0.29573054766126255, -0.4434879125051521, 0.9728052302857593, -0.01019176068198463, 0.23442046262527905, -0.0976101923890595, -0.4705974949271441, -0.835753357062498, -0.4706867143713273], "9": [0.08017565102597701, -0.9680016166279186, -0.24692180090798416, -0.27839588828030715, -0.9586839088508177, -0.10415338098127164, 0.023158354316652696, -0.04804302937598989, 0.8546351070314362], "10": [-0.041623810348981216, 0.4735395093762973, -0.9419023546512515, -0.2489206423927448, 0.762700575330912, 0.37972696996797795, -0.5976540663887295, 0.8799389553408927, 0.740985818917874], "11": [0.8975271679221928, -0.3843453578499312, 0.878316000938318, 0.050890659377188285, -0.3863369594283812, -0.3303566519317087, 0.44172996548036103, 0.7019386192746462, -0.4265776934275747], "12": [0.7927587710807846, 0.3707419130041085, -0.706681947324751, -0.9483071036802817, 0.8688373870798485, 0.9177629424949554, 0.7961875833228191, -0.74192765535032, -0.39579677433673255], "13": [-0.33660979976357663, -0.8880014473588493, -0.8357447287124337, 0.9753227358630427, 0.3662390677195406, -0.7634842054135051, -0.4592642932745956, -0.29625780670932556, 0.07365549198229981], "14": [-0.6652781356099415, -0.30804731835753074, 0.34721713706436286, -0.6756669845637546, -0.5953687316098351, 0.5354977827623901, -0.18869583962824565, -0.17350210804551902, 0.9453930589210073], "15": [0.8121388607557037, -0.68418716602608, -0.7705691086325253, -0.6858544033286051, 0.38071455300267165, 0.16890096803054933, -0.837598506539558, 0.20381912822393505, 0.833192291241232], "16": [-0.5216794046495228, 0.48748504739186616, 0.6495745374746449, -0.5000227699092483, -0.78812956765193, 0.884744570559914, -0.2699040585297737, 0.937058530229278, -0.6210954632376424], "17": [0.13814109225978188, 0.14474568110705097, 0.8683092013121017, 0.18922849616621096, -0.5526111024518416, 0.1063309968649998, 0.2693025492975069, -0.05796758308086869, 0.873264413278524], "18": [-0.14755886614210023, 0.6512283629758711, -0.5467206212051285, -0.07244161365057691, 0.33550984446953624, 0.12407010198099266, -0.9120945931530164, -0.811812957381248, 0.18580665317016698], "19": [0.40359692560245064, -0.10465169954019929, -0.16353130757994805, 0.35359870089615075, -0.3541816485078144, 0.2876681127442941, -0.5047182160188891, 0.5600829586349533, -0.7594587252458145], "20": [-0.31676239635371045, -0.5033442338950437, 0.9660342649396261, -0.4531219766192206, 0.1296639177895845, 0.19985425818720637, -0.7196944984800713, -0.37535907593906287, -0.24770207901263686], "21": [-0.36425644979882793, 0.6988549787960721, 0.5856310848988946, 0.8099618411077236, 0.02574207113239632, 0.03226157322204609, 0.23330910308147929, -0.351072773988203, -0.5765802882916289], "22": [-0.911756984685197, -0.9007562966550445, -0.29202085660699123, 0.42350708286634486, -0.7545910339917299, 0.5708764822066806, 0.6788828718099525, -0.08395206314482265, 0.18839908691717544], "23": [0.8387976019679496, -0.8865198016777147, -0.2962027761742123, -0.6331257821989054, -0.9016344323982017, 0.8457621133236379, 0.3739674508226083, 0.00831893604663525, -0.6813634047510848], "24": [-0.8764423476608418, 0.899758099238534, -0.8195469728624369, 0.9321545015024789, -0.6688118503994857, -0.463840793351579, -0.6956467892404175, 0.035101043886553884, 0.4726041036972306], "25": [0.9130302494045075, -0.4399367298000907, -0.6623994348433964, 0.9218763379589152, -0.004615008418894284, -0.5968807171741847, 0.3274315371465626, 0.5382014126002248, -0.30102750448242244], "26": [0.06577034971993534, -0.9313474773750403, 0.8742343400605245, 0.5120149741313145, -0.3258697556858554, -0.06194408662302783, 0.06733136592413275, 0.23356051193347502, 0.18718407687497307], "27": [0.3111628246574687, -0.11864764650411766, 0.9305110948407631, 0.4020041940822787, -0.9590973071711877, -0.9272127386994788, -0.8721232908175931, -0.15673419293332924, -0.069298487346654], "28": [0.4987481044041598, 0.1008041840176892, 0.2797363603467138, 0.5855814814065321, 0.5958099277212198, -0.22257274297847524, 0.03603062878866048, -0.13437583917621132, 0.6171580160436765], "29": [-0.2333513862378529, -0.3460810883214518, -0.3071347006385474, 0.4470478712531889, 0.4459906580968038, -0.5819182264426241, 0.155635034351862, -0.13936110652211253, 0.49327766603314305], "30": [-0.6951071173129089, 0.005765594527066681, 0.503987078893926, 0.7098493382122889, 0.6888089441992367, -0.6256882317422265, -0.7725038371660077, -0.6171665428722275, -0.6498551490637193], "31": [-0.10786430312117071, 0.7765990822154426, -0.6553850554452731, -0.17127651088135176, -0.36673552348636057, 0.5594260829791879, -0.4517922177406031, 0.46271592365405045, 0.3285869735403055], "32": [-0.7459098762810594, -0.7064491082562268, -0.9407258803803588, 0.8335469432561975, 0.9390170421778878, 0.06738468518155144, 0.05730602969739404, 0.18896329848392024, 0.7086374892982901], "33": [-0.19974351420563122, -0.9847903938275482, -0.004375215760034246, -0.20843047395471131, -0.846650442420384, 0.4905815833947236, 0.47169925731256623, 0.23890674487050617, 0.2848161222031861], "34": [0.22663707827403695, 0.22311834698526192, 0.1587330866444502, 0.21577870512023903, -0.25112795559481604, 0.10866680590759845, -0.188579306275353, -0.11915982021637972, -0.931332915734745], "35": [0.34851806386674256, -0.8729273896370454, 0.2066457155279986, -0.07921689441880794, 0.2861814269835459, 0.4692930577178061, 0.3215300711177169, 0.851697344502917, -0.7510295255675234], "36": [-0.42945141522912933, 0.744650231326206, 0.39663884908544156, -0.3837952164697541, -0.9200282573038382, -0.38760455372044755, 0.8953433551146732, -0.25101296180796595, 0.028159124306699868], "37": [-0.9296080610492813, 0.18035674958396553, -0.3456788430224209, 0.961699846565027, 0.8455866026672751, -0.8253100801367408, -0.14258600881914169, 0.7928349498910663, -0.07344664681839941], "38": [0.7845090562020021, 0.10446127810658323, 0.08000619556651745, -0.5107016101608012, 0.39841345122661787, 0.6197458597118826, -0.6402261343231064, -0.06993189740327632, 0.6582970135018944], "39": [0.36042615607843015, -0.9698443904071179, -0.14481782355176875, 0.566194186519224, -0.5142711157802724, 0.8812492923063828, 0.46622942704374815, -0.0024471514354724444, 0.46975512210480763], "40": [-0.8315541156420381, 0.38572699580430947, 0.8611759171893592, 0.056539035714963104, -0.3324770705448381, 0.20221792194064747, -0.9153372618543265, -0.17640423000457384, -0.21190575015919189], "41": [-0.10490655448814223, 0.09679089842443256, -0.42017840518432975, -0.7039644359480323, -0.7466095552556449, 0.8031838568453318, -0.89081973452299, -0.8878318830918175, 0.269467874325114],