{
    "current_tick": 471,
    "static_info": {
        "id": "tank_2_1",
        "team": 2,
        "tank_type": "Sniper",
        "vision_angle": 20.0,
        "vision_range": 120.0,
        "top_speed": 3.0,
        "barrel_spin_rate": 30,
        "heading_spin_rate": 2,
        "max_hp": 40,
        "max_shield": 30
    },
    "dynamic_info": {
        "hp": 40,
        "shield": 22.099999999999888,
        "position": {
            "x": 165.00002928854724,
            "y": 36.72997083065534
        },
        "move_speed": 3.0,
        "barrel_angle": 83.4494408809752,
        "heading": 90.00073924607113,
        "ammo": {
            "HEAVY": {
                "count": 0,
                "_ammo_type": "HEAVY"
            },
            "LIGHT": {
                "count": 5,
                "_ammo_type": "LIGHT"
            },
            "LONG_DISTANCE": {
                "count": 10,
                "_ammo_type": "LONG_DISTANCE"
            }
        },
        "ammo_loaded": "HEAVY",
        "is_overcharged": false,
        "size": "MISSING",
        "reload_timer": 2.3499999999999215,
        "enemies_remaining": 3,
        "visible_tanks": [
            {
                "id": "tank_1_2",
                "team": 1,
                "tank_type": "Sniper",
                "position": {
                    "x": 50.70317466930152,
                    "y": 53.58779415384038
                },
                "is_damaged": false,
                "heading": -8.399966743489585,
                "barrel_angle": 2.842170943040401e-14,
                "distance": 115.53335961119072
            },
            {
                "id": "tank_1_3",
                "team": 1,
                "tank_type": "Sniper",
                "position": {
                    "x": 71.07128984977263,
                    "y": 47.175543932216144
                },
                "is_damaged": false,
                "heading": -6.357693190174587,
                "barrel_angle": 0.0,
                "distance": 94.50776735262168
            }
        ],
        "visible_enemies": [
            {
                "id": "tank_1_2",
                "team": 1,
                "tank_type": "Sniper",
                "position": {
                    "x": 50.70317466930152,
                    "y": 53.58779415384038
                },
                "is_damaged": false,
                "heading": -8.399966743489585,
                "barrel_angle": 2.842170943040401e-14,
                "distance": 115.53335961119072
            },
            {
                "id": "tank_1_3",
                "team": 1,
                "tank_type": "Sniper",
                "position": {
                    "x": 71.07128984977263,
                    "y": 47.175543932216144
                },
                "is_damaged": false,
                "heading": -6.357693190174587,
                "barrel_angle": 0.0,
                "distance": 94.50776735262168
            }
        ],
        "visible_obstacles": [
            {
                "id": "04bd0952-6d61-4fbb-a1f2-4cab2994a510",
                "position": {
                    "x": 65.0,
                    "y": 35.0
                },
                "type": "TREE",
                "is_destructible": true
            },
            {
                "id": "f0915583-c361-4d55-9a75-850260a55a6e",
                "position": {
                    "x": 75.0,
                    "y": 35.0
                },
                "type": "ANTI_TANK_SPIKE",
                "is_destructible": false
            },
            {
                "id": "a8819bdd-9ecd-47b7-ba9d-a974a2e280e9",
                "position": {
                    "x": 105.0,
                    "y": 45.0
                },
                "type": "ANTI_TANK_SPIKE",
                "is_destructible": false
            },
            {
                "id": "763fd145-0c26-4400-bd12-497496354189",
                "position": {
                    "x": 115.0,
                    "y": 45.0
                },
                "type": "ANTI_TANK_SPIKE",
                "is_destructible": false
            },
            {
                "id": "2266c128-ec46-43d2-9d8c-ada0d5827943",
                "position": {
                    "x": 125.0,
                    "y": 45.0
                },
                "type": "ANTI_TANK_SPIKE",
                "is_destructible": false
            },
            {
                "id": "0240cc1c-6dbd-4a99-afaf-9a60c7503d55",
                "position": {
                    "x": 95.0,
                    "y": 55.0
                },
                "type": "ANTI_TANK_SPIKE",
                "is_destructible": false
            }
        ],
        "visible_terrains": [
            {
                "position": {
                    "x": 85.0,
                    "y": 35.0
                },
                "type": "Water",
                "speed_modifier": 0.7,
                "dmg": 1
            },
            {
                "position": {
                    "x": 95.0,
                    "y": 35.0
                },
                "type": "Water",
                "speed_modifier": 0.7,
                "dmg": 1
            },
            {
                "position": {
                    "x": 105.0,
                    "y": 35.0
                },
                "type": "Water",
                "speed_modifier": 0.7,
                "dmg": 1
            },
            {
                "position": {
                    "x": 115.0,
                    "y": 35.0
                },
                "type": "Water",
                "speed_modifier": 0.7,
                "dmg": 1
            },
            {
                "position": {
                    "x": 125.0,
                    "y": 35.0
                },
                "type": "Water",
                "speed_modifier": 0.7,
                "dmg": 1
            },
            {
                "position": {
                    "x": 135.0,
                    "y": 35.0
                },
                "type": "PotholeRoad",
                "speed_modifier": 0.95,
                "dmg": 1
            },
            {
                "position": {
                    "x": 55.0,
                    "y": 45.0
                },
                "type": "PotholeRoad",
                "speed_modifier": 0.95,
                "dmg": 1
            },
            {
                "position": {
                    "x": 65.0,
                    "y": 45.0
                },
                "type": "Water",
                "speed_modifier": 0.7,
                "dmg": 1
            },
            {
                "position": {
                    "x": 75.0,
                    "y": 45.0
                },
                "type": "Water",
                "speed_modifier": 0.7,
                "dmg": 1
            },
            {
                "position": {
                    "x": 85.0,
                    "y": 45.0
                },
                "type": "Water",
                "speed_modifier": 0.7,
                "dmg": 1
            },
            {
                "position": {
                    "x": 95.0,
                    "y": 45.0
                },
                "type": "Water",
                "speed_modifier": 0.7,
                "dmg": 1
            },
            {
                "position": {
                    "x": 135.0,
                    "y": 45.0
                },
                "type": "Road",
                "speed_modifier": 1.5,
                "dmg": 0
            },
            {
                "position": {
                    "x": 55.0,
                    "y": 55.0
                },
                "type": "Water",
                "speed_modifier": 0.7,
                "dmg": 1
            },
            {
                "position": {
                    "x": 65.0,
                    "y": 55.0
                },